{"train/true_episode_reward":25.36571443322498,"_timestamp":1.7768141317127008e+09,"reward_model/train_acc":0.9801470588235294,"_step":16000,"Q_loss":0.05256345123052597,"actor_loss":-14.78786849975586,"eval/predicted_episode_reward":495.0982360839844,"eval/true_episode_reward":37.271443322782915,"_wandb":{"runtime":585},"reward_model/reward_loss":0.08543339533293072,"_runtime":585.592783191,"train/predicted_episode_reward":585.763671875}