{"_timestamp":1.7768135304691353e+09,"train/predicted_episode_reward":626.0836791992188,"_wandb":{"runtime":228},"actor_loss":-12.647920608520508,"eval/true_episode_reward":67.59793689844813,"eval/predicted_episode_reward":711.9895629882812,"reward_model/train_acc":0.98,"_runtime":228.72083789,"reward_model/reward_loss":0.05916609764651601,"train/true_episode_reward":104.7567639429249,"_step":10000,"Q_loss":0.1576484888792038}