{"_wandb":{"runtime":82},"_runtime":82.295022581,"_step":1000,"reward_model/train_acc":0.9801190476190477,"reward_model/reward_loss":0.08063891521167188,"_timestamp":1.7768132408219936e+09}