{"reward_model/reward_loss":0.06210222958226598,"_wandb":{"runtime":113},"_runtime":113.965156209,"_timestamp":1.7768123114967024e+09,"_step":1000,"reward_model/train_acc":0.9801612903225806}