{"reward_model/reward_loss":0.06750514663872309,"actor_loss":-2.9309921264648438,"_runtime":228.34678414,"train/duration":225.686044216156,"_timestamp":1.7768146206081235e+09,"reward_model/train_acc":0.9801041666666667,"Q_loss":0.02928791381418705,"train/true_episode_reward":64.7013374588812,"train/predicted_episode_reward":89.70915222167969,"_step":10000,"_wandb":{"runtime":228}}