{"reward_model/reward_loss":0.09552155832122815,"_wandb":{"runtime":81},"_runtime":81.74003987,"_timestamp":1.7768128228724048e+09,"_step":1000,"reward_model/train_acc":0.9802631578947368}