{"Q_loss":0.07012305408716202,"train/true_episode_reward":29.84139989644131,"_step":21000,"_wandb":{"runtime":1237},"_timestamp":1.7768110571579342e+09,"_runtime":1237.823442849,"reward_model/reward_loss":0.05791464747591434,"reward_model/train_acc":0.9800328947368421,"actor_loss":-21.196287155151367,"eval/true_episode_reward":22.454322200860165,"train/predicted_episode_reward":566.528564453125,"eval/predicted_episode_reward":621.1847534179688}