{"_step":1000,"reward_model/train_acc":0.9802272727272727,"_wandb":{"runtime":73},"_runtime":73.661329704,"reward_model/reward_loss":0.06892786999444732,"_timestamp":1.776811999124643e+09}