{"_step":21000,"actor_loss":-12.53057861328125,"train/predicted_episode_reward":419.1473083496094,"reward_model/reward_loss":0.07961667840839318,"train/true_episode_reward":32.51471389772727,"Q_loss":0.10685042291879654,"_wandb":{"runtime":15479},"reward_model/train_acc":0.980049504950495,"_timestamp":1.7768151497981253e+09,"eval/true_episode_reward":35.56130332099333,"train/duration":21.602247714996338,"eval/predicted_episode_reward":397.3125915527344,"_runtime":15479.96882439}