{"_timestamp":1.7768146331316028e+09,"_step":0,"train/true_episode_reward":0,"_wandb":{"runtime":19},"_runtime":19.005630058,"train/predicted_episode_reward":0,"train/duration":1.2874603271484375e-05}